trv_loc_nm,yw,bubble_cnt
서울특별시,201841,12
부산광역시,201841,7
대구광역시,201841,4
인천광역시,201841,11
광주광역시,201841,3
대전광역시,201841,4
울산광역시,201841,2
세종특별자치시,201841,1
경기도,201841,21
강원도,201841,20
충청북도,201841,8
충청남도,201841,11
전라북도,201841,9
전라남도,201841,10
경상북도,201841,13
경상남도,201841,11
제주특별자치도,201841,5
서울특별시,201842,12
부산광역시,201842,7
대구광역시,201842,5
인천광역시,201842,11
광주광역시,201842,3
대전광역시,201842,4
울산광역시,201842,2
세종특별자치시,201842,1
경기도,201842,21
강원도,201842,20
충청북도,201842,9
충청남도,201842,11
전라북도,201842,10
전라남도,201842,10
경상북도,201842,14
경상남도,201842,11
제주특별자치도,201842,5
서울특별시,201843,13
부산광역시,201843,7
대구광역시,201843,5
인천광역시,201843,10
광주광역시,201843,3
대전광역시,201843,4
울산광역시,201843,2
세종특별자치시,201843,1
경기도,201843,20
강원도,201843,18
충청북도,201843,9
충청남도,201843,10
전라북도,201843,10
전라남도,201843,10
경상북도,201843,14
경상남도,201843,11
제주특별자치도,201843,5
서울특별시,201844,12
부산광역시,201844,6
대구광역시,201844,4
인천광역시,201844,10
광주광역시,201844,3
대전광역시,201844,4
울산광역시,201844,2
세종특별자치시,201844,1
경기도,201844,20
강원도,201844,16
충청북도,201844,9
충청남도,201844,11
전라북도,201844,11
전라남도,201844,11
경상북도,201844,14
경상남도,201844,11
제주특별자치도,201844,5
서울특별시,201845,12
부산광역시,201845,6
대구광역시,201845,5
인천광역시,201845,10
광주광역시,201845,3
대전광역시,201845,4
울산광역시,201845,2
세종특별자치시,201845,1
경기도,201845,18
강원도,201845,14
충청북도,201845,8
충청남도,201845,10
전라북도,201845,10
전라남도,201845,10
경상북도,201845,13
경상남도,201845,11
제주특별자치도,201845,5
서울특별시,201846,13
부산광역시,201846,7
대구광역시,201846,5
인천광역시,201846,11
광주광역시,201846,3
대전광역시,201846,4
울산광역시,201846,2
세종특별자치시,201846,1
경기도,201846,19
강원도,201846,14
충청북도,201846,8
충청남도,201846,10
전라북도,201846,9
전라남도,201846,10
경상북도,201846,12
경상남도,201846,11
제주특별자치도,201846,4
서울특별시,201847,12
부산광역시,201847,6
대구광역시,201847,5
인천광역시,201847,9
광주광역시,201847,3
대전광역시,201847,4
울산광역시,201847,2
세종특별자치시,201847,1
경기도,201847,16
강원도,201847,11
충청북도,201847,6
충청남도,201847,9
전라북도,201847,8
전라남도,201847,8
경상북도,201847,11
경상남도,201847,10
제주특별자치도,201847,4
서울특별시,201848,13
부산광역시,201848,6
대구광역시,201848,5
인천광역시,201848,11
광주광역시,201848,3
대전광역시,201848,4
울산광역시,201848,2
세종특별자치시,201848,1
경기도,201848,16
강원도,201848,12
충청북도,201848,6
충청남도,201848,9
전라북도,201848,7
전라남도,201848,8
경상북도,201848,11
경상남도,201848,9
제주특별자치도,201848,4
서울특별시,201849,13
부산광역시,201849,6
대구광역시,201849,5
인천광역시,201849,10
광주광역시,201849,3
대전광역시,201849,4
울산광역시,201849,2
세종특별자치시,201849,1
경기도,201849,15
강원도,201849,11
충청북도,201849,5
충청남도,201849,7
전라북도,201849,5
전라남도,201849,7
경상북도,201849,9
경상남도,201849,9
제주특별자치도,201849,4
서울특별시,201850,14
부산광역시,201850,7
대구광역시,201850,5
인천광역시,201850,10
광주광역시,201850,3
대전광역시,201850,4
울산광역시,201850,2
세종특별자치시,201850,1
경기도,201850,16
강원도,201850,12
충청북도,201850,6
충청남도,201850,7
전라북도,201850,6
전라남도,201850,7
경상북도,201850,9
경상남도,201850,8
제주특별자치도,201850,4
서울특별시,201851,15
부산광역시,201851,8
대구광역시,201851,5
인천광역시,201851,11
광주광역시,201851,3
대전광역시,201851,4
울산광역시,201851,2
세종특별자치시,201851,1
경기도,201851,18
강원도,201851,14
충청북도,201851,6
충청남도,201851,9
전라북도,201851,6
전라남도,201851,8
경상북도,201851,10
경상남도,201851,9
제주특별자치도,201851,4
서울특별시,201852,15
부산광역시,201852,10
대구광역시,201852,6
인천광역시,201852,12
광주광역시,201852,4
대전광역시,201852,4
울산광역시,201852,2
세종특별자치시,201852,1
경기도,201852,19
강원도,201852,18
충청북도,201852,6
충청남도,201852,10
전라북도,201852,8
전라남도,201852,9
경상북도,201852,12
경상남도,201852,11
제주특별자치도,201852,5
서울특별시,201901,14
부산광역시,201901,10
대구광역시,201901,6
인천광역시,201901,12
광주광역시,201901,4
대전광역시,201901,4
울산광역시,201901,3
세종특별자치시,201901,1
경기도,201901,19
강원도,201901,22
충청북도,201901,7
충청남도,201901,11
전라북도,201901,8
전라남도,201901,10
경상북도,201901,15
경상남도,201901,12
제주특별자치도,201901,5
서울특별시,201902,14
부산광역시,201902,8
대구광역시,201902,5
인천광역시,201902,12
광주광역시,201902,3
대전광역시,201902,4
울산광역시,201902,2
세종특별자치시,201902,1
경기도,201902,17
강원도,201902,18
충청북도,201902,6
충청남도,201902,9
전라북도,201902,7
전라남도,201902,8
경상북도,201902,11
경상남도,201902,10
제주특별자치도,201902,5
서울특별시,201903,15
부산광역시,201903,9
대구광역시,201903,5
인천광역시,201903,13
광주광역시,201903,3
대전광역시,201903,4
울산광역시,201903,2
세종특별자치시,201903,1
경기도,201903,18
강원도,201903,20
충청북도,201903,6
충청남도,201903,9
전라북도,201903,7
전라남도,201903,8
경상북도,201903,12
경상남도,201903,10
제주특별자치도,201903,5
서울특별시,201904,15
부산광역시,201904,8
대구광역시,201904,5
인천광역시,201904,12
광주광역시,201904,3
대전광역시,201904,4
울산광역시,201904,2
세종특별자치시,201904,1
경기도,201904,17
강원도,201904,18
충청북도,201904,6
충청남도,201904,9
전라북도,201904,7
전라남도,201904,7
경상북도,201904,11
경상남도,201904,10
제주특별자치도,201904,5
서울특별시,201905,13
부산광역시,201905,11
대구광역시,201905,7
인천광역시,201905,13
광주광역시,201905,5
대전광역시,201905,5
울산광역시,201905,3
세종특별자치시,201905,1
경기도,201905,17
강원도,201905,17
충청북도,201905,8
충청남도,201905,11
전라북도,201905,11
전라남도,201905,14
경상북도,201905,15
경상남도,201905,13
제주특별자치도,201905,5
서울특별시,201906,16
부산광역시,201906,16
대구광역시,201906,12
인천광역시,201906,15
광주광역시,201906,7
대전광역시,201906,7
울산광역시,201906,4
세종특별자치시,201906,2
경기도,201906,28
강원도,201906,26
충청북도,201906,14
충청남도,201906,20
전라북도,201906,18
전라남도,201906,22
경상북도,201906,29
경상남도,201906,25
제주특별자치도,201906,5
서울특별시,201907,15
부산광역시,201907,9
대구광역시,201907,5
인천광역시,201907,11
광주광역시,201907,3
대전광역시,201907,4
울산광역시,201907,2
세종특별자치시,201907,1
경기도,201907,17
강원도,201907,15
충청북도,201907,6
충청남도,201907,9
전라북도,201907,7
전라남도,201907,7
경상북도,201907,11
경상남도,201907,10
제주특별자치도,201907,5
서울특별시,201908,17
부산광역시,201908,10
대구광역시,201908,6
인천광역시,201908,13
광주광역시,201908,4
대전광역시,201908,5
울산광역시,201908,2
세종특별자치시,201908,1
경기도,201908,19
강원도,201908,16
충청북도,201908,7
충청남도,201908,10
전라북도,201908,7
전라남도,201908,8
경상북도,201908,13
경상남도,201908,11
제주특별자치도,201908,5
서울특별시,201909,17
부산광역시,201909,12
대구광역시,201909,7
인천광역시,201909,14
광주광역시,201909,4
대전광역시,201909,5
울산광역시,201909,2
세종특별자치시,201909,1
경기도,201909,23
강원도,201909,22
충청북도,201909,9
충청남도,201909,13
전라북도,201909,10
전라남도,201909,12
경상북도,201909,17
경상남도,201909,15
제주특별자치도,201909,5
서울특별시,201910,13
부산광역시,201910,6
대구광역시,201910,5
인천광역시,201910,10
광주광역시,201910,3
대전광역시,201910,4
울산광역시,201910,2
세종특별자치시,201910,1
경기도,201910,17
강원도,201910,11
충청북도,201910,7
충청남도,201910,9
전라북도,201910,6
전라남도,201910,8
경상북도,201910,10
경상남도,201910,10
제주특별자치도,201910,4
서울특별시,201911,13
부산광역시,201911,7
대구광역시,201911,5
인천광역시,201911,10
광주광역시,201911,3
대전광역시,201911,4
울산광역시,201911,2
세종특별자치시,201911,1
경기도,201911,18
강원도,201911,11
충청북도,201911,7
충청남도,201911,10
전라북도,201911,6
전라남도,201911,10
경상북도,201911,11
경상남도,201911,11
제주특별자치도,201911,4
서울특별시,201912,13
부산광역시,201912,7
대구광역시,201912,5
인천광역시,201912,11
광주광역시,201912,3
대전광역시,201912,4
울산광역시,201912,2
세종특별자치시,201912,1
경기도,201912,18
강원도,201912,12
충청북도,201912,7
충청남도,201912,10
전라북도,201912,6
전라남도,201912,10
경상북도,201912,11
경상남도,201912,11
제주특별자치도,201912,5
서울특별시,201913,13
부산광역시,201913,7
대구광역시,201913,5
인천광역시,201913,10
광주광역시,201913,3
대전광역시,201913,4
울산광역시,201913,2
세종특별자치시,201913,1
경기도,201913,18
강원도,201913,12
충청북도,201913,7
충청남도,201913,10
전라북도,201913,7
전라남도,201913,10
경상북도,201913,12
경상남도,201913,14
제주특별자치도,201913,5
서울특별시,201914,13
부산광역시,201914,7
대구광역시,201914,5
인천광역시,201914,10
광주광역시,201914,4
대전광역시,201914,4
울산광역시,201914,2
세종특별자치시,201914,1
경기도,201914,20
강원도,201914,12
충청북도,201914,9
충청남도,201914,12
전라북도,201914,8
전라남도,201914,11
경상북도,201914,15
경상남도,201914,15
제주특별자치도,201914,5
서울특별시,201915,13
부산광역시,201915,8
대구광역시,201915,5
인천광역시,201915,11
광주광역시,201915,3
대전광역시,201915,4
울산광역시,201915,2
세종특별자치시,201915,1
경기도,201915,20
강원도,201915,13
충청북도,201915,9
충청남도,201915,12
전라북도,201915,9
전라남도,201915,11
경상북도,201915,13
경상남도,201915,13
제주특별자치도,201915,5
서울특별시,201916,13
부산광역시,201916,8
대구광역시,201916,6
인천광역시,201916,12
광주광역시,201916,4
대전광역시,201916,4
울산광역시,201916,2
세종특별자치시,201916,1
경기도,201916,21
강원도,201916,14
충청북도,201916,9
충청남도,201916,14
전라북도,201916,9
전라남도,201916,12
경상북도,201916,13
경상남도,201916,13
제주특별자치도,201916,5
서울특별시,201917,14
부산광역시,201917,8
대구광역시,201917,6
인천광역시,201917,12
광주광역시,201917,4
대전광역시,201917,5
울산광역시,201917,2
세종특별자치시,201917,1
경기도,201917,22
강원도,201917,15
충청북도,201917,10
충청남도,201917,14
전라북도,201917,9
전라남도,201917,11
경상북도,201917,14
경상남도,201917,13
제주특별자치도,201917,5
서울특별시,201918,16
부산광역시,201918,11
대구광역시,201918,7
인천광역시,201918,14
광주광역시,201918,5
대전광역시,201918,6
울산광역시,201918,3
세종특별자치시,201918,1
경기도,201918,29
강원도,201918,24
충청북도,201918,12
충청남도,201918,20
전라북도,201918,14
전라남도,201918,18
경상북도,201918,21
경상남도,201918,19
제주특별자치도,201918,6
서울특별시,201919,15
부산광역시,201919,9
대구광역시,201919,7
인천광역시,201919,13
광주광역시,201919,4
대전광역시,201919,5
울산광역시,201919,2
세종특별자치시,201919,1
경기도,201919,26
강원도,201919,21
충청북도,201919,11
충청남도,201919,16
전라북도,201919,12
전라남도,201919,14
경상북도,201919,17
경상남도,201919,17
제주특별자치도,201919,5
서울특별시,201920,14
부산광역시,201920,7
대구광역시,201920,5
인천광역시,201920,12
광주광역시,201920,4
대전광역시,201920,5
울산광역시,201920,2
세종특별자치시,201920,1
경기도,201920,22
강원도,201920,17
충청북도,201920,9
충청남도,201920,13
전라북도,201920,8
전라남도,201920,10
경상북도,201920,13
경상남도,201920,11
제주특별자치도,201920,5
서울특별시,201921,14
부산광역시,201921,8
대구광역시,201921,5
인천광역시,201921,12
광주광역시,201921,4
대전광역시,201921,4
울산광역시,201921,2
세종특별자치시,201921,1
경기도,201921,22
강원도,201921,17
충청북도,201921,10
충청남도,201921,12
전라북도,201921,9
전라남도,201921,11
경상북도,201921,13
경상남도,201921,12
제주특별자치도,201921,5
서울특별시,201922,13
부산광역시,201922,7
대구광역시,201922,5
인천광역시,201922,12
광주광역시,201922,3
대전광역시,201922,4
울산광역시,201922,2
세종특별자치시,201922,1
경기도,201922,21
강원도,201922,16
충청북도,201922,9
충청남도,201922,12
전라북도,201922,8
전라남도,201922,9
경상북도,201922,13
경상남도,201922,11
제주특별자치도,201922,5
서울특별시,201923,14
부산광역시,201923,9
대구광역시,201923,5
인천광역시,201923,13
광주광역시,201923,4
대전광역시,201923,5
울산광역시,201923,2
세종특별자치시,201923,1
경기도,201923,23
강원도,201923,21
충청북도,201923,10
충청남도,201923,14
전라북도,201923,9
전라남도,201923,12
경상북도,201923,15
경상남도,201923,14
제주특별자치도,201923,5
서울특별시,201924,13
부산광역시,201924,8
대구광역시,201924,5
인천광역시,201924,12
광주광역시,201924,3
대전광역시,201924,4
울산광역시,201924,2
세종특별자치시,201924,1
경기도,201924,21
강원도,201924,17
충청북도,201924,9
충청남도,201924,12
전라북도,201924,7
전라남도,201924,10
경상북도,201924,13
경상남도,201924,11
제주특별자치도,201924,5
서울특별시,201925,14
부산광역시,201925,8
대구광역시,201925,5
인천광역시,201925,12
광주광역시,201925,3
대전광역시,201925,4
울산광역시,201925,2
세종특별자치시,201925,1
경기도,201925,22
강원도,201925,18
충청북도,201925,9
충청남도,201925,12
전라북도,201925,8
전라남도,201925,10
경상북도,201925,13
경상남도,201925,12
제주특별자치도,201925,5
서울특별시,201926,14
부산광역시,201926,8
대구광역시,201926,5
인천광역시,201926,13
광주광역시,201926,3
대전광역시,201926,4
울산광역시,201926,2
세종특별자치시,201926,1
경기도,201926,22
강원도,201926,18
충청북도,201926,8
충청남도,201926,11
전라북도,201926,7
전라남도,201926,8
경상북도,201926,12
경상남도,201926,10
제주특별자치도,201926,5
서울특별시,201927,14
부산광역시,201927,8
대구광역시,201927,5
인천광역시,201927,12
광주광역시,201927,3
대전광역시,201927,4
울산광역시,201927,2
세종특별자치시,201927,1
경기도,201927,21
강원도,201927,19
충청북도,201927,9
충청남도,201927,12
전라북도,201927,7
전라남도,201927,9
경상북도,201927,13
경상남도,201927,12
제주특별자치도,201927,5
서울특별시,201928,13
부산광역시,201928,8
대구광역시,201928,5
인천광역시,201928,12
광주광역시,201928,4
대전광역시,201928,4
울산광역시,201928,2
세종특별자치시,201928,1
경기도,201928,21
강원도,201928,20
충청북도,201928,9
충청남도,201928,12
전라북도,201928,8
전라남도,201928,9
경상북도,201928,13
경상남도,201928,12
제주특별자치도,201928,5
서울특별시,201929,13
부산광역시,201929,7
대구광역시,201929,5
인천광역시,201929,12
광주광역시,201929,3
대전광역시,201929,4
울산광역시,201929,2
세종특별자치시,201929,1
경기도,201929,21
강원도,201929,20
충청북도,201929,8
충청남도,201929,11
전라북도,201929,7
전라남도,201929,8
경상북도,201929,12
경상남도,201929,10
제주특별자치도,201929,5
서울특별시,201930,14
부산광역시,201930,9
대구광역시,201930,6
인천광역시,201930,13
광주광역시,201930,4
대전광역시,201930,4
울산광역시,201930,2
세종특별자치시,201930,1
경기도,201930,21
강원도,201930,23
충청북도,201930,9
충청남도,201930,12
전라북도,201930,9
전라남도,201930,12
경상북도,201930,16
경상남도,201930,15
제주특별자치도,201930,5
서울특별시,201931,16
부산광역시,201931,13
대구광역시,201931,6
인천광역시,201931,16
광주광역시,201931,5
대전광역시,201931,5
울산광역시,201931,3
세종특별자치시,201931,1
경기도,201931,29
강원도,201931,41
충청북도,201931,13
충청남도,201931,19
전라북도,201931,14
전라남도,201931,21
경상북도,201931,25
경상남도,201931,22
제주특별자치도,201931,7
서울특별시,201932,14
부산광역시,201932,10
대구광역시,201932,5
인천광역시,201932,14
광주광역시,201932,4
대전광역시,201932,4
울산광역시,201932,3
세종특별자치시,201932,1
경기도,201932,26
강원도,201932,34
충청북도,201932,11
충청남도,201932,15
전라북도,201932,11
전라남도,201932,15
경상북도,201932,19
경상남도,201932,17
제주특별자치도,201932,6
서울특별시,201933,15
부산광역시,201933,10
대구광역시,201933,6
인천광역시,201933,14
광주광역시,201933,4
대전광역시,201933,4
울산광역시,201933,3
세종특별자치시,201933,1
경기도,201933,27
강원도,201933,31
충청북도,201933,11
충청남도,201933,15
전라북도,201933,11
전라남도,201933,14
경상북도,201933,19
경상남도,201933,16
제주특별자치도,201933,6
서울특별시,201934,16
부산광역시,201934,9
대구광역시,201934,6
인천광역시,201934,13
광주광역시,201934,4
대전광역시,201934,5
울산광역시,201934,2
세종특별자치시,201934,1
경기도,201934,28
강원도,201934,25
충청북도,201934,12
충청남도,201934,15
전라북도,201934,10
전라남도,201934,12
경상북도,201934,17
경상남도,201934,15
제주특별자치도,201934,6
서울특별시,201935,13
부산광역시,201935,7
대구광역시,201935,5
인천광역시,201935,10
광주광역시,201935,3
대전광역시,201935,4
울산광역시,201935,2
세종특별자치시,201935,1
경기도,201935,20
강원도,201935,19
충청북도,201935,10
충청남도,201935,13
전라북도,201935,8
전라남도,201935,10
경상북도,201935,15
경상남도,201935,12
제주특별자치도,201935,5
서울특별시,201936,12
부산광역시,201936,6
대구광역시,201936,4
인천광역시,201936,8
광주광역시,201936,3
대전광역시,201936,3
울산광역시,201936,1
세종특별자치시,201936,1
경기도,201936,15
강원도,201936,10
충청북도,201936,6
충청남도,201936,8
전라북도,201936,5
전라남도,201936,6
경상북도,201936,9
경상남도,201936,7
제주특별자치도,201936,3
서울특별시,201937,14
부산광역시,201937,13
대구광역시,201937,11
인천광역시,201937,15
광주광역시,201937,7
대전광역시,201937,7
울산광역시,201937,4
세종특별자치시,201937,2
경기도,201937,30
강원도,201937,24
충청북도,201937,15
충청남도,201937,22
전라북도,201937,18
전라남도,201937,23
경상북도,201937,30
경상남도,201937,24
제주특별자치도,201937,4
서울특별시,201938,14
부산광역시,201938,6
대구광역시,201938,5
인천광역시,201938,11
광주광역시,201938,3
대전광역시,201938,4
울산광역시,201938,2
세종특별자치시,201938,1
경기도,201938,20
강원도,201938,14
충청북도,201938,8
충청남도,201938,11
전라북도,201938,6
전라남도,201938,8
경상북도,201938,10
경상남도,201938,8
제주특별자치도,201938,4
서울특별시,201939,15
부산광역시,201939,7
대구광역시,201939,5
인천광역시,201939,12
광주광역시,201939,4
대전광역시,201939,5
울산광역시,201939,2
세종특별자치시,201939,1
경기도,201939,22
강원도,201939,16
충청북도,201939,9
충청남도,201939,14
전라북도,201939,8
전라남도,201939,10
경상북도,201939,13
경상남도,201939,11
제주특별자치도,201939,5
서울특별시,201940,16
부산광역시,201940,8
대구광역시,201940,5
인천광역시,201940,13
광주광역시,201940,4
대전광역시,201940,4
울산광역시,201940,2
세종특별자치시,201940,1
경기도,201940,24
강원도,201940,19
충청북도,201940,10
충청남도,201940,15
전라북도,201940,9
전라남도,201940,11
경상북도,201940,15
경상남도,201940,13
제주특별자치도,201940,5
서울특별시,201941,15
부산광역시,201941,8
대구광역시,201941,6
인천광역시,201941,13
광주광역시,201941,4
대전광역시,201941,4
울산광역시,201941,2
세종특별자치시,201941,1
경기도,201941,24
강원도,201941,20
충청북도,201941,10
충청남도,201941,15
전라북도,201941,10
전라남도,201941,11
경상북도,201941,15
경상남도,201941,13
제주특별자치도,201941,6
서울특별시,201942,15
부산광역시,201942,8
대구광역시,201942,5
인천광역시,201942,12
광주광역시,201942,4
대전광역시,201942,5
울산광역시,201942,2
세종특별자치시,201942,1
경기도,201942,23
강원도,201942,21
충청북도,201942,10
충청남도,201942,14
전라북도,201942,9
전라남도,201942,11
경상북도,201942,15
경상남도,201942,12
제주특별자치도,201942,6
서울특별시,201943,16
부산광역시,201943,8
대구광역시,201943,6
인천광역시,201943,12
광주광역시,201943,4
대전광역시,201943,5
울산광역시,201943,2
세종특별자치시,201943,1
경기도,201943,24
강원도,201943,22
충청북도,201943,11
충청남도,201943,15
전라북도,201943,10
전라남도,201943,13
경상북도,201943,17
경상남도,201943,14
제주특별자치도,201943,6
서울특별시,201944,14
부산광역시,201944,8
대구광역시,201944,5
인천광역시,201944,10
광주광역시,201944,3
대전광역시,201944,4
울산광역시,201944,2
세종특별자치시,201944,1
경기도,201944,21
강원도,201944,18
충청북도,201944,10
충청남도,201944,12
전라북도,201944,11
전라남도,201944,12
경상북도,201944,16
경상남도,201944,13
제주특별자치도,201944,6
서울특별시,201945,15
부산광역시,201945,8
대구광역시,201945,5
인천광역시,201945,11
광주광역시,201945,4
대전광역시,201945,5
울산광역시,201945,2
세종특별자치시,201945,1
경기도,201945,22
강원도,201945,17
충청북도,201945,10
충청남도,201945,13
전라북도,201945,12
전라남도,201945,13
경상북도,201945,16
경상남도,201945,14
제주특별자치도,201945,6
서울특별시,201946,15
부산광역시,201946,9
대구광역시,201946,6
인천광역시,201946,11
광주광역시,201946,4
대전광역시,201946,5
울산광역시,201946,2
세종특별자치시,201946,1
경기도,201946,20
강원도,201946,15
충청북도,201946,10
충청남도,201946,12
전라북도,201946,10
전라남도,201946,11
경상북도,201946,14
경상남도,201946,12
제주특별자치도,201946,6
서울특별시,201947,14
부산광역시,201947,8
대구광역시,201947,5
인천광역시,201947,10
광주광역시,201947,3
대전광역시,201947,4
울산광역시,201947,2
세종특별자치시,201947,1
경기도,201947,18
강원도,201947,13
충청북도,201947,8
충청남도,201947,11
전라북도,201947,8
전라남도,201947,10
경상북도,201947,13
경상남도,201947,11
제주특별자치도,201947,5
서울특별시,201948,15
부산광역시,201948,8
대구광역시,201948,6
인천광역시,201948,11
광주광역시,201948,4
대전광역시,201948,5
울산광역시,201948,2
세종특별자치시,201948,1
경기도,201948,18
강원도,201948,13
충청북도,201948,7
충청남도,201948,10
전라북도,201948,8
전라남도,201948,9
경상북도,201948,12
경상남도,201948,10
제주특별자치도,201948,5
서울특별시,201949,13
부산광역시,201949,7
대구광역시,201949,5
인천광역시,201949,9
광주광역시,201949,3
대전광역시,201949,4
울산광역시,201949,2
세종특별자치시,201949,1
경기도,201949,16
강원도,201949,12
충청북도,201949,6
충청남도,201949,8
전라북도,201949,6
전라남도,201949,8
경상북도,201949,10
경상남도,201949,10
제주특별자치도,201949,5
서울특별시,201950,16
부산광역시,201950,8
대구광역시,201950,6
인천광역시,201950,11
광주광역시,201950,4
대전광역시,201950,5
울산광역시,201950,2
세종특별자치시,201950,1
경기도,201950,18
강원도,201950,14
충청북도,201950,7
충청남도,201950,9
전라북도,201950,7
전라남도,201950,9
경상북도,201950,11
경상남도,201950,10
제주특별자치도,201950,5
서울특별시,201951,17
부산광역시,201951,9
대구광역시,201951,6
인천광역시,201951,12
광주광역시,201951,4
대전광역시,201951,5
울산광역시,201951,2
세종특별자치시,201951,1
경기도,201951,19
강원도,201951,15
충청북도,201951,7
충청남도,201951,9
전라북도,201951,7
전라남도,201951,9
경상북도,201951,12
경상남도,201951,10
제주특별자치도,201951,5
서울특별시,201952,17
부산광역시,201952,10
대구광역시,201952,6
인천광역시,201952,13
광주광역시,201952,4
대전광역시,201952,4
울산광역시,201952,2
세종특별자치시,201952,1
경기도,201952,20
강원도,201952,19
충청북도,201952,7
충청남도,201952,10
전라북도,201952,8
전라남도,201952,10
경상북도,201952,13
경상남도,201952,11
제주특별자치도,201952,6
서울특별시,202001,15
부산광역시,202001,10
대구광역시,202001,6
인천광역시,202001,13
광주광역시,202001,4
대전광역시,202001,4
울산광역시,202001,3
세종특별자치시,202001,1
경기도,202001,20
강원도,202001,23
충청북도,202001,7
충청남도,202001,11
전라북도,202001,8
전라남도,202001,11
경상북도,202001,16
경상남도,202001,13
제주특별자치도,202001,6
서울특별시,202002,15
부산광역시,202002,8
대구광역시,202002,5
인천광역시,202002,12
광주광역시,202002,3
대전광역시,202002,4
울산광역시,202002,2
세종특별자치시,202002,1
경기도,202002,17
강원도,202002,17
충청북도,202002,6
충청남도,202002,9
전라북도,202002,7
전라남도,202002,8
경상북도,202002,11
경상남도,202002,9
제주특별자치도,202002,5
서울특별시,202003,15
부산광역시,202003,8
대구광역시,202003,5
인천광역시,202003,12
광주광역시,202003,3
대전광역시,202003,4
울산광역시,202003,2
세종특별자치시,202003,1
경기도,202003,17
강원도,202003,17
충청북도,202003,6
충청남도,202003,9
전라북도,202003,7
전라남도,202003,8
경상북도,202003,11
경상남도,202003,9
제주특별자치도,202003,6
서울특별시,202004,15
부산광역시,202004,14
대구광역시,202004,11
인천광역시,202004,15
광주광역시,202004,7
대전광역시,202004,7
울산광역시,202004,4
세종특별자치시,202004,2
경기도,202004,28
강원도,202004,25
충청북도,202004,14
충청남도,202004,20
전라북도,202004,17
전라남도,202004,22
경상북도,202004,29
경상남도,202004,24
제주특별자치도,202004,5
서울특별시,202005,11
부산광역시,202005,8
대구광역시,202005,5
인천광역시,202005,10
광주광역시,202005,4
대전광역시,202005,4
울산광역시,202005,2
세종특별자치시,202005,1
경기도,202005,16
강원도,202005,17
충청북도,202005,6
충청남도,202005,8
전라북도,202005,7
전라남도,202005,10
경상북도,202005,12
경상남도,202005,11
제주특별자치도,202005,4
서울특별시,202006,9
부산광역시,202006,6
대구광역시,202006,4
인천광역시,202006,7
광주광역시,202006,2
대전광역시,202006,3
울산광역시,202006,2
세종특별자치시,202006,1
경기도,202006,12
강원도,202006,12
충청북도,202006,5
충청남도,202006,6
전라북도,202006,5
전라남도,202006,6
경상북도,202006,9
경상남도,202006,8
제주특별자치도,202006,3
서울특별시,202007,10
부산광역시,202007,7
대구광역시,202007,4
인천광역시,202007,7
광주광역시,202007,2
대전광역시,202007,4
울산광역시,202007,2
세종특별자치시,202007,1
경기도,202007,14
강원도,202007,13
충청북도,202007,5
충청남도,202007,7
전라북도,202007,5
전라남도,202007,7
경상북도,202007,10
경상남도,202007,9
제주특별자치도,202007,3
서울특별시,202008,9
부산광역시,202008,5
대구광역시,202008,2
인천광역시,202008,6
광주광역시,202008,2
대전광역시,202008,3
울산광역시,202008,1
세종특별자치시,202008,1
경기도,202008,13
강원도,202008,12
충청북도,202008,5
충청남도,202008,6
전라북도,202008,5
전라남도,202008,6
경상북도,202008,6
경상남도,202008,7
제주특별자치도,202008,4
서울특별시,202009,5
부산광역시,202009,2
대구광역시,202009,1
인천광역시,202009,5
광주광역시,202009,2
대전광역시,202009,2
울산광역시,202009,1
세종특별자치시,202009,1
경기도,202009,10
강원도,202009,8
충청북도,202009,4
충청남도,202009,5
전라북도,202009,3
전라남도,202009,5
경상북도,202009,4
경상남도,202009,4
제주특별자치도,202009,2
서울특별시,202010,5
부산광역시,202010,2
대구광역시,202010,1
인천광역시,202010,4
광주광역시,202010,2
대전광역시,202010,2
울산광역시,202010,1
세종특별자치시,202010,1
경기도,202010,11
강원도,202010,8
충청북도,202010,4
충청남도,202010,5
전라북도,202010,3
전라남도,202010,5
경상북도,202010,4
경상남도,202010,5
제주특별자치도,202010,2
서울특별시,202011,5
부산광역시,202011,3
대구광역시,202011,1
인천광역시,202011,3
광주광역시,202011,2
대전광역시,202011,2
울산광역시,202011,1
세종특별자치시,202011,1
경기도,202011,12
강원도,202011,9
충청북도,202011,4
충청남도,202011,6
전라북도,202011,4
전라남도,202011,6
경상북도,202011,5
경상남도,202011,6
제주특별자치도,202011,2
서울특별시,202012,6
부산광역시,202012,3
대구광역시,202012,1
인천광역시,202012,4
광주광역시,202012,2
대전광역시,202012,2
울산광역시,202012,1
세종특별자치시,202012,1
경기도,202012,13
강원도,202012,10
충청북도,202012,5
충청남도,202012,7
전라북도,202012,5
전라남도,202012,7
경상북도,202012,6
경상남도,202012,7
제주특별자치도,202012,2
서울특별시,202013,6
부산광역시,202013,3
대구광역시,202013,1
인천광역시,202013,4
광주광역시,202013,2
대전광역시,202013,2
울산광역시,202013,1
세종특별자치시,202013,1
경기도,202013,14
강원도,202013,10
충청북도,202013,5
충청남도,202013,7
전라북도,202013,4
전라남도,202013,6
경상북도,202013,6
경상남도,202013,7
제주특별자치도,202013,2
서울특별시,202014,6
부산광역시,202014,3
대구광역시,202014,1
인천광역시,202014,3
광주광역시,202014,2
대전광역시,202014,2
울산광역시,202014,1
세종특별자치시,202014,1
경기도,202014,14
강원도,202014,11
충청북도,202014,6
충청남도,202014,8
전라북도,202014,5
전라남도,202014,7
경상북도,202014,8
경상남도,202014,8
제주특별자치도,202014,2
서울특별시,202015,6
부산광역시,202015,4
대구광역시,202015,2
인천광역시,202015,4
광주광역시,202015,2
대전광역시,202015,3
울산광역시,202015,1
세종특별자치시,202015,1
경기도,202015,15
강원도,202015,10
충청북도,202015,6
충청남도,202015,9
전라북도,202015,5
전라남도,202015,6
경상북도,202015,7
경상남도,202015,7
제주특별자치도,202015,2
서울특별시,202016,7
부산광역시,202016,4
대구광역시,202016,2
인천광역시,202016,4
광주광역시,202016,2
대전광역시,202016,3
울산광역시,202016,1
세종특별자치시,202016,1
경기도,202016,16
강원도,202016,11
충청북도,202016,6
충청남도,202016,9
전라북도,202016,5
전라남도,202016,7
경상북도,202016,8
경상남도,202016,8
제주특별자치도,202016,2
서울특별시,202017,8
부산광역시,202017,4
대구광역시,202017,2
인천광역시,202017,4
광주광역시,202017,3
대전광역시,202017,3
울산광역시,202017,1
세종특별자치시,202017,1
경기도,202017,16
강원도,202017,11
충청북도,202017,6
충청남도,202017,9
전라북도,202017,5
전라남도,202017,7
경상북도,202017,8
경상남도,202017,8
제주특별자치도,202017,3
서울특별시,202018,10
부산광역시,202018,8
대구광역시,202018,4
인천광역시,202018,8
광주광역시,202018,5
대전광역시,202018,4
울산광역시,202018,3
세종특별자치시,202018,1
경기도,202018,26
강원도,202018,26
충청북도,202018,12
충청남도,202018,19
전라북도,202018,13
전라남도,202018,18
경상북도,202018,18
경상남도,202018,17
제주특별자치도,202018,4
서울특별시,202019,10
부산광역시,202019,6
대구광역시,202019,4
인천광역시,202019,5
광주광역시,202019,4
대전광역시,202019,4
울산광역시,202019,2
세종특별자치시,202019,1
경기도,202019,20
강원도,202019,15
충청북도,202019,8
충청남도,202019,12
전라북도,202019,8
전라남도,202019,10
경상북도,202019,13
경상남도,202019,12
제주특별자치도,202019,3
서울특별시,202020,9
부산광역시,202020,5
대구광역시,202020,3
인천광역시,202020,4
광주광역시,202020,3
대전광역시,202020,3
울산광역시,202020,2
세종특별자치시,202020,1
경기도,202020,17
강원도,202020,13
충청북도,202020,7
충청남도,202020,10
전라북도,202020,6
전라남도,202020,8
경상북도,202020,10
경상남도,202020,9
제주특별자치도,202020,3
서울특별시,202021,9
부산광역시,202021,6
대구광역시,202021,3
인천광역시,202021,4
광주광역시,202021,3
대전광역시,202021,3
울산광역시,202021,2
세종특별자치시,202021,1
경기도,202021,17
강원도,202021,14
충청북도,202021,7
충청남도,202021,10
전라북도,202021,6
전라남도,202021,9
경상북도,202021,10
경상남도,202021,10
제주특별자치도,202021,4
서울특별시,202022,8
부산광역시,202022,5
대구광역시,202022,3
인천광역시,202022,4
광주광역시,202022,3
대전광역시,202022,3
울산광역시,202022,2
세종특별자치시,202022,1
경기도,202022,18
강원도,202022,15
충청북도,202022,8
충청남도,202022,11
전라북도,202022,7
전라남도,202022,9
경상북도,202022,11
경상남도,202022,10
제주특별자치도,202022,4
서울특별시,202023,8
부산광역시,202023,6
대구광역시,202023,3
인천광역시,202023,5
광주광역시,202023,3
대전광역시,202023,4
울산광역시,202023,2
세종특별자치시,202023,1
경기도,202023,18
강원도,202023,17
충청북도,202023,8
충청남도,202023,11
전라북도,202023,7
전라남도,202023,10
경상북도,202023,11
경상남도,202023,11
제주특별자치도,202023,4
서울특별시,202024,8
부산광역시,202024,6
대구광역시,202024,3
인천광역시,202024,5
광주광역시,202024,3
대전광역시,202024,3
울산광역시,202024,2
세종특별자치시,202024,1
경기도,202024,18
강원도,202024,16
충청북도,202024,8
충청남도,202024,10
전라북도,202024,6
전라남도,202024,8
경상북도,202024,10
경상남도,202024,9
제주특별자치도,202024,4
서울특별시,202025,9
부산광역시,202025,6
대구광역시,202025,4
인천광역시,202025,5
광주광역시,202025,3
대전광역시,202025,3
울산광역시,202025,2
세종특별자치시,202025,1
경기도,202025,19
강원도,202025,19
충청북도,202025,8
충청남도,202025,11
전라북도,202025,7
전라남도,202025,9
경상북도,202025,12
경상남도,202025,11
제주특별자치도,202025,4
서울특별시,202026,9
부산광역시,202026,7
대구광역시,202026,4
인천광역시,202026,5
광주광역시,202026,3
대전광역시,202026,3
울산광역시,202026,2
세종특별자치시,202026,1
경기도,202026,19
강원도,202026,18
충청북도,202026,8
충청남도,202026,10
전라북도,202026,7
전라남도,202026,9
경상북도,202026,12
경상남도,202026,11
제주특별자치도,202026,5
서울특별시,202027,9
부산광역시,202027,6
대구광역시,202027,4
인천광역시,202027,5
광주광역시,202027,2
대전광역시,202027,3
울산광역시,202027,2
세종특별자치시,202027,1
경기도,202027,19
강원도,202027,19
충청북도,202027,8
충청남도,202027,10
전라북도,202027,6
전라남도,202027,8
경상북도,202027,12
경상남도,202027,10
제주특별자치도,202027,4
서울특별시,202028,9
부산광역시,202028,6
대구광역시,202028,4
인천광역시,202028,5
광주광역시,202028,2
대전광역시,202028,3
울산광역시,202028,2
세종특별자치시,202028,1
경기도,202028,20
강원도,202028,19
충청북도,202028,8
충청남도,202028,10
전라북도,202028,6
전라남도,202028,7
경상북도,202028,11
경상남도,202028,10
제주특별자치도,202028,5
서울특별시,202029,9
부산광역시,202029,7
대구광역시,202029,4
인천광역시,202029,5
광주광역시,202029,2
대전광역시,202029,3
울산광역시,202029,2
세종특별자치시,202029,1
경기도,202029,19
강원도,202029,20
충청북도,202029,8
충청남도,202029,10
전라북도,202029,6
전라남도,202029,8
경상북도,202029,12
경상남도,202029,11
제주특별자치도,202029,5
서울특별시,202030,9
부산광역시,202030,6
대구광역시,202030,4
인천광역시,202030,5
광주광역시,202030,2
대전광역시,202030,3
울산광역시,202030,2
세종특별자치시,202030,1
경기도,202030,19
강원도,202030,18
충청북도,202030,7
충청남도,202030,10
전라북도,202030,6
전라남도,202030,8
경상북도,202030,11
경상남도,202030,10
제주특별자치도,202030,4
서울특별시,202031,10
부산광역시,202031,9
대구광역시,202031,4
인천광역시,202031,5
광주광역시,202031,3
대전광역시,202031,3
울산광역시,202031,3
세종특별자치시,202031,1
경기도,202031,20
강원도,202031,26
충청북도,202031,9
충청남도,202031,12
전라북도,202031,10
전라남도,202031,15
경상북도,202031,18
경상남도,202031,17
제주특별자치도,202031,5
서울특별시,202032,10
부산광역시,202032,10
대구광역시,202032,5
인천광역시,202032,5
광주광역시,202032,3
대전광역시,202032,3
울산광역시,202032,3
세종특별자치시,202032,1
경기도,202032,17
강원도,202032,23
충청북도,202032,7
충청남도,202032,11
전라북도,202032,10
전라남도,202032,15
경상북도,202032,18
경상남도,202032,17
제주특별자치도,202032,7
서울특별시,202033,11
부산광역시,202033,10
대구광역시,202033,5
인천광역시,202033,6
광주광역시,202033,4
대전광역시,202033,4
울산광역시,202033,3
세종특별자치시,202033,1
경기도,202033,21
강원도,202033,29
충청북도,202033,10
충청남도,202033,15
전라북도,202033,11
전라남도,202033,16
경상북도,202033,21
경상남도,202033,18
제주특별자치도,202033,7
서울특별시,202034,7
부산광역시,202034,7
대구광역시,202034,4
인천광역시,202034,5
광주광역시,202034,3
대전광역시,202034,3
울산광역시,202034,2
세종특별자치시,202034,1
경기도,202034,19
강원도,202034,27
충청북도,202034,9
충청남도,202034,12
전라북도,202034,9
전라남도,202034,12
경상북도,202034,16
경상남도,202034,14
제주특별자치도,202034,7
서울특별시,202035,5
부산광역시,202035,4
대구광역시,202035,3
인천광역시,202035,4
광주광역시,202035,2
대전광역시,202035,2
울산광역시,202035,1
세종특별자치시,202035,1
경기도,202035,14
강원도,202035,15
충청북도,202035,6
충청남도,202035,8
전라북도,202035,5
전라남도,202035,6
경상북도,202035,10
경상남도,202035,9
제주특별자치도,202035,4
서울특별시,202036,5
부산광역시,202036,3
대구광역시,202036,3
인천광역시,202036,4
광주광역시,202036,2
대전광역시,202036,2
울산광역시,202036,1
세종특별자치시,202036,1
경기도,202036,14
강원도,202036,12
충청북도,202036,6
충청남도,202036,9
전라북도,202036,5
전라남도,202036,5
경상북도,202036,8
경상남도,202036,7
제주특별자치도,202036,3
서울특별시,202037,5
부산광역시,202037,4
대구광역시,202037,3
인천광역시,202037,4
광주광역시,202037,2
대전광역시,202037,3
울산광역시,202037,1
세종특별자치시,202037,1
경기도,202037,15
강원도,202037,12
충청북도,202037,7
충청남도,202037,10
전라북도,202037,6
전라남도,202037,7
경상북도,202037,10
경상남도,202037,9
제주특별자치도,202037,3
서울특별시,202038,7
부산광역시,202038,5
대구광역시,202038,4
인천광역시,202038,5
광주광역시,202038,2
대전광역시,202038,3
울산광역시,202038,1
세종특별자치시,202038,1
경기도,202038,17
강원도,202038,15
충청북도,202038,8
충청남도,202038,12
전라북도,202038,7
전라남도,202038,8
경상북도,202038,12
경상남도,202038,10
제주특별자치도,202038,4
서울특별시,202039,8
부산광역시,202039,5
대구광역시,202039,4
인천광역시,202039,5
광주광역시,202039,2
대전광역시,202039,3
울산광역시,202039,1
세종특별자치시,202039,1
경기도,202039,17
강원도,202039,12
충청북도,202039,7
충청남도,202039,10
전라북도,202039,6
전라남도,202039,8
경상북도,202039,10
경상남도,202039,9
제주특별자치도,202039,4
서울특별시,202040,9
부산광역시,202040,9
대구광역시,202040,7
인천광역시,202040,9
광주광역시,202040,5
대전광역시,202040,4
울산광역시,202040,3
세종특별자치시,202040,1
경기도,202040,26
강원도,202040,24
충청북도,202040,12
충청남도,202040,19
전라북도,202040,14
전라남도,202040,18
경상북도,202040,24
경상남도,202040,20
제주특별자치도,202040,4
서울특별시,202041,9
부산광역시,202041,5
대구광역시,202041,4
인천광역시,202041,6
광주광역시,202041,3
대전광역시,202041,3
울산광역시,202041,2
세종특별자치시,202041,1
경기도,202041,20
강원도,202041,18
충청북도,202041,8
충청남도,202041,13
전라북도,202041,8
전라남도,202041,9
경상북도,202041,12
경상남도,202041,11
제주특별자치도,202041,4
서울특별시,202042,10
부산광역시,202042,5
대구광역시,202042,4
인천광역시,202042,5
광주광역시,202042,3
대전광역시,202042,3
울산광역시,202042,2
세종특별자치시,202042,1
경기도,202042,19
강원도,202042,17
충청북도,202042,8
충청남도,202042,12
전라북도,202042,7
전라남도,202042,9
경상북도,202042,12
경상남도,202042,11
제주특별자치도,202042,5
서울특별시,202043,10
부산광역시,202043,6
대구광역시,202043,4
인천광역시,202043,5
광주광역시,202043,3
대전광역시,202043,4
울산광역시,202043,2
세종특별자치시,202043,1
경기도,202043,20
강원도,202043,19
충청북도,202043,9
충청남도,202043,11
전라북도,202043,8
전라남도,202043,9
경상북도,202043,13
경상남도,202043,11
제주특별자치도,202043,6
서울특별시,202044,10
부산광역시,202044,6
대구광역시,202044,4
인천광역시,202044,5
광주광역시,202044,3
대전광역시,202044,4
울산광역시,202044,2
세종특별자치시,202044,1
경기도,202044,20
강원도,202044,17
충청북도,202044,9
충청남도,202044,11
전라북도,202044,8
전라남도,202044,10
경상북도,202044,14
경상남도,202044,12
제주특별자치도,202044,6
서울특별시,202045,10
부산광역시,202045,6
대구광역시,202045,4
인천광역시,202045,5
광주광역시,202045,3
대전광역시,202045,4
울산광역시,202045,2
세종특별자치시,202045,1
경기도,202045,19
강원도,202045,16
충청북도,202045,9
충청남도,202045,11
전라북도,202045,9
전라남도,202045,10
경상북도,202045,13
경상남도,202045,12
제주특별자치도,202045,6
서울특별시,202046,11
부산광역시,202046,7
대구광역시,202046,4
인천광역시,202046,5
광주광역시,202046,3
대전광역시,202046,4
울산광역시,202046,2
세종특별자치시,202046,1
경기도,202046,20
강원도,202046,16
충청북도,202046,9
충청남도,202046,11
전라북도,202046,9
전라남도,202046,10
경상북도,202046,13
경상남도,202046,12
제주특별자치도,202046,7
서울특별시,202047,10
부산광역시,202047,6
대구광역시,202047,4
인천광역시,202047,4
광주광역시,202047,2
대전광역시,202047,4
울산광역시,202047,2
세종특별자치시,202047,1
경기도,202047,16
강원도,202047,12
충청북도,202047,8
충청남도,202047,10
전라북도,202047,7
전라남도,202047,8
경상북도,202047,12
경상남도,202047,10
제주특별자치도,202047,6
서울특별시,202048,7
부산광역시,202048,5
대구광역시,202048,4
인천광역시,202048,4
광주광역시,202048,2
대전광역시,202048,3
울산광역시,202048,2
세종특별자치시,202048,1
경기도,202048,14
강원도,202048,11
충청북도,202048,6
충청남도,202048,9
전라북도,202048,6
전라남도,202048,7
경상북도,202048,11
경상남도,202048,8
제주특별자치도,202048,5
서울특별시,202049,7
부산광역시,202049,4
대구광역시,202049,4
인천광역시,202049,3
광주광역시,202049,2
대전광역시,202049,3
울산광역시,202049,1
세종특별자치시,202049,1
경기도,202049,13
강원도,202049,11
충청북도,202049,5
충청남도,202049,7
전라북도,202049,5
전라남도,202049,7
경상북도,202049,9
경상남도,202049,8
제주특별자치도,202049,4
서울특별시,202050,6
부산광역시,202050,4
대구광역시,202050,3
인천광역시,202050,3
광주광역시,202050,2
대전광역시,202050,2
울산광역시,202050,1
세종특별자치시,202050,1
경기도,202050,12
강원도,202050,11
충청북도,202050,5
충청남도,202050,7
전라북도,202050,4
전라남도,202050,7
경상북도,202050,8
경상남도,202050,7
제주특별자치도,202050,4
서울특별시,202051,6
부산광역시,202051,4
대구광역시,202051,3
인천광역시,202051,3
광주광역시,202051,2
대전광역시,202051,2
울산광역시,202051,1
세종특별자치시,202051,1
경기도,202051,10
강원도,202051,9
충청북도,202051,4
충청남도,202051,6
전라북도,202051,4
전라남도,202051,6
경상북도,202051,7
경상남도,202051,6
제주특별자치도,202051,3
서울특별시,202052,5
부산광역시,202052,4
대구광역시,202052,3
인천광역시,202052,3
광주광역시,202052,2
대전광역시,202052,2
울산광역시,202052,1
세종특별자치시,202052,1
경기도,202052,11
강원도,202052,10
충청북도,202052,4
충청남도,202052,7
전라북도,202052,4
전라남도,202052,7
경상북도,202052,8
경상남도,202052,8
제주특별자치도,202052,2
서울특별시,202053,5
부산광역시,202053,4
대구광역시,202053,3
인천광역시,202053,3
광주광역시,202053,2
대전광역시,202053,2
울산광역시,202053,1
세종특별자치시,202053,1
경기도,202053,11
강원도,202053,10
충청북도,202053,4
충청남도,202053,6
전라북도,202053,4
전라남도,202053,6
경상북도,202053,9
경상남도,202053,8
제주특별자치도,202053,2
서울특별시,202101,5
부산광역시,202101,3
대구광역시,202101,2
인천광역시,202101,2
광주광역시,202101,2
대전광역시,202101,2
울산광역시,202101,1
세종특별자치시,202101,1
경기도,202101,8
강원도,202101,6
충청북도,202101,3
충청남도,202101,4
전라북도,202101,3
전라남도,202101,4
경상북도,202101,5
경상남도,202101,5
제주특별자치도,202101,1
서울특별시,202102,6
부산광역시,202102,4
대구광역시,202102,3
인천광역시,202102,3
광주광역시,202102,2
대전광역시,202102,2
울산광역시,202102,1
세종특별자치시,202102,1
경기도,202102,10
강원도,202102,8
충청북도,202102,4
충청남도,202102,6
전라북도,202102,4
전라남도,202102,5
경상북도,202102,7
경상남도,202102,6
제주특별자치도,202102,2
서울특별시,202103,7
부산광역시,202103,4
대구광역시,202103,3
인천광역시,202103,3
광주광역시,202103,2
대전광역시,202103,3
울산광역시,202103,1
세종특별자치시,202103,1
경기도,202103,12
강원도,202103,9
충청북도,202103,4
충청남도,202103,6
전라북도,202103,4
전라남도,202103,5
경상북도,202103,7
경상남도,202103,6
제주특별자치도,202103,3
서울특별시,202104,7
부산광역시,202104,5
대구광역시,202104,3
인천광역시,202104,3
광주광역시,202104,2
대전광역시,202104,2
울산광역시,202104,1
세종특별자치시,202104,1
경기도,202104,12
강원도,202104,10
충청북도,202104,4
충청남도,202104,6
전라북도,202104,4
전라남도,202104,5
경상북도,202104,7
경상남도,202104,7
제주특별자치도,202104,3
서울특별시,202105,7
부산광역시,202105,5
대구광역시,202105,3
인천광역시,202105,3
광주광역시,202105,2
대전광역시,202105,3
울산광역시,202105,1
세종특별자치시,202105,1
경기도,202105,12
강원도,202105,9
충청북도,202105,4
충청남도,202105,6
전라북도,202105,4
전라남도,202105,6
경상북도,202105,8
경상남도,202105,7
제주특별자치도,202105,3
서울특별시,202106,8
부산광역시,202106,8
대구광역시,202106,6
인천광역시,202106,6
광주광역시,202106,4
대전광역시,202106,4
울산광역시,202106,2
세종특별자치시,202106,1
경기도,202106,19
강원도,202106,18
충청북도,202106,9
충청남도,202106,12
전라북도,202106,10
전라남도,202106,13
경상북도,202106,18
경상남도,202106,15
제주특별자치도,202106,4
서울특별시,202107,9
부산광역시,202107,6
대구광역시,202107,4
인천광역시,202107,4
광주광역시,202107,2
대전광역시,202107,3
울산광역시,202107,2
세종특별자치시,202107,1
경기도,202107,15
강원도,202107,12
충청북도,202107,6
충청남도,202107,7
전라북도,202107,5
전라남도,202107,6
경상북도,202107,10
경상남도,202107,8
제주특별자치도,202107,5
서울특별시,202108,11
부산광역시,202108,8
대구광역시,202108,5
인천광역시,202108,5
광주광역시,202108,3
대전광역시,202108,4
울산광역시,202108,2
세종특별자치시,202108,1
경기도,202108,19
강원도,202108,18
충청북도,202108,8
충청남도,202108,11
전라북도,202108,8
전라남도,202108,10
경상북도,202108,14
경상남도,202108,11
제주특별자치도,202108,5
서울특별시,202109,9
부산광역시,202109,6
대구광역시,202109,4
인천광역시,202109,4
광주광역시,202109,3
대전광역시,202109,3
울산광역시,202109,2
세종특별자치시,202109,1
경기도,202109,16
강원도,202109,11
충청북도,202109,6
충청남도,202109,9
전라북도,202109,6
전라남도,202109,7
경상북도,202109,10
경상남도,202109,9
제주특별자치도,202109,4
서울특별시,202110,9
부산광역시,202110,5
대구광역시,202110,4
인천광역시,202110,4
광주광역시,202110,3
대전광역시,202110,3
울산광역시,202110,1
세종특별자치시,202110,1
경기도,202110,16
강원도,202110,11
충청북도,202110,6
충청남도,202110,9
전라북도,202110,5
전라남도,202110,8
경상북도,202110,10
경상남도,202110,8
제주특별자치도,202110,4
서울특별시,202111,9
부산광역시,202111,5
대구광역시,202111,4
인천광역시,202111,4
광주광역시,202111,3
대전광역시,202111,3
울산광역시,202111,1
세종특별자치시,202111,1
경기도,202111,16
강원도,202111,11
충청북도,202111,6
충청남도,202111,8
전라북도,202111,5
전라남도,202111,7
경상북도,202111,9
경상남도,202111,8
제주특별자치도,202111,5
서울특별시,202112,9
부산광역시,202112,6
대구광역시,202112,4
인천광역시,202112,4
광주광역시,202112,3
대전광역시,202112,3
울산광역시,202112,2
세종특별자치시,202112,1
경기도,202112,16
강원도,202112,11
충청북도,202112,6
충청남도,202112,8
전라북도,202112,5
전라남도,202112,8
경상북도,202112,10
경상남도,202112,9
제주특별자치도,202112,5
서울특별시,202113,8
부산광역시,202113,5
대구광역시,202113,4
인천광역시,202113,4
광주광역시,202113,3
대전광역시,202113,3
울산광역시,202113,1
세종특별자치시,202113,1
경기도,202113,15
강원도,202113,11
충청북도,202113,6
충청남도,202113,9
전라북도,202113,5
전라남도,202113,7
경상북도,202113,10
경상남도,202113,8
제주특별자치도,202113,5
서울특별시,202114,9
부산광역시,202114,5
대구광역시,202114,4
인천광역시,202114,5
광주광역시,202114,3
대전광역시,202114,3
울산광역시,202114,2
세종특별자치시,202114,1
경기도,202114,18
강원도,202114,14
충청북도,202114,8
충청남도,202114,11
전라북도,202114,7
전라남도,202114,9
경상북도,202114,12
경상남도,202114,10
제주특별자치도,202114,6
서울특별시,202115,8
부산광역시,202115,5
대구광역시,202115,4
인천광역시,202115,4
광주광역시,202115,3
대전광역시,202115,3
울산광역시,202115,2
세종특별자치시,202115,1
경기도,202115,17
강원도,202115,14
충청북도,202115,7
충청남도,202115,10
전라북도,202115,6
전라남도,202115,8
경상북도,202115,11
경상남도,202115,9
제주특별자치도,202115,6
서울특별시,202116,9
부산광역시,202116,5
대구광역시,202116,4
인천광역시,202116,5
광주광역시,202116,3
대전광역시,202116,3
울산광역시,202116,2
세종특별자치시,202116,1
경기도,202116,18
강원도,202116,15
충청북도,202116,8
충청남도,202116,11
전라북도,202116,7
전라남도,202116,9
경상북도,202116,11
경상남도,202116,9
제주특별자치도,202116,6
서울특별시,202117,9
부산광역시,202117,6
대구광역시,202117,4
인천광역시,202117,5
광주광역시,202117,3
대전광역시,202117,3
울산광역시,202117,2
세종특별자치시,202117,1
경기도,202117,18
강원도,202117,15
충청북도,202117,8
충청남도,202117,11
전라북도,202117,7
전라남도,202117,9
경상북도,202117,12
경상남도,202117,11
제주특별자치도,202117,6
서울특별시,202118,9
부산광역시,202118,7
대구광역시,202118,5
인천광역시,202118,6
광주광역시,202118,4
대전광역시,202118,4
울산광역시,202118,2
세종특별자치시,202118,1
경기도,202118,21
강원도,202118,19
충청북도,202118,10
충청남도,202118,13
전라북도,202118,10
전라남도,202118,12
경상북도,202118,16
경상남도,202118,14
제주특별자치도,202118,6
서울특별시,202119,9
부산광역시,202119,6
대구광역시,202119,4
인천광역시,202119,4
광주광역시,202119,3
대전광역시,202119,3
울산광역시,202119,1
세종특별자치시,202119,1
경기도,202119,16
강원도,202119,14
충청북도,202119,7
충청남도,202119,9
전라북도,202119,6
전라남도,202119,7
경상북도,202119,10
경상남도,202119,9
제주특별자치도,202119,6
서울특별시,202120,5
부산광역시,202120,3
대구광역시,202120,2
인천광역시,202120,3
광주광역시,202120,1
대전광역시,202120,2
울산광역시,202120,1
세종특별자치시,202120,1
경기도,202120,10
강원도,202120,9
충청북도,202120,4
충청남도,202120,5
전라북도,202120,4
전라남도,202120,5
경상북도,202120,6
경상남도,202120,5
제주특별자치도,202120,4
서울특별시,202121,9
부산광역시,202121,6
대구광역시,202121,4
인천광역시,202121,5
광주광역시,202121,3
대전광역시,202121,3
울산광역시,202121,2
세종특별자치시,202121,1
경기도,202121,17
강원도,202121,15
충청북도,202121,7
충청남도,202121,10
전라북도,202121,7
전라남도,202121,8
경상북도,202121,12
경상남도,202121,10
제주특별자치도,202121,6
서울특별시,202122,9
부산광역시,202122,6
대구광역시,202122,4
인천광역시,202122,5
광주광역시,202122,3
대전광역시,202122,3
울산광역시,202122,2
세종특별자치시,202122,1
경기도,202122,18
강원도,202122,16
충청북도,202122,8
충청남도,202122,10
전라북도,202122,6
전라남도,202122,9
경상북도,202122,12
경상남도,202122,10
제주특별자치도,202122,6
서울특별시,202123,9
부산광역시,202123,6
대구광역시,202123,3
인천광역시,202123,5
광주광역시,202123,3
대전광역시,202123,3
울산광역시,202123,2
세종특별자치시,202123,1
경기도,202123,18
강원도,202123,16
충청북도,202123,8
충청남도,202123,10
전라북도,202123,6
전라남도,202123,8
경상북도,202123,11
경상남도,202123,10
제주특별자치도,202123,6
서울특별시,202124,10
부산광역시,202124,7
대구광역시,202124,4
인천광역시,202124,5
광주광역시,202124,3
대전광역시,202124,3
울산광역시,202124,2
세종특별자치시,202124,1
경기도,202124,19
강원도,202124,18
충청북도,202124,8
충청남도,202124,11
전라북도,202124,7
전라남도,202124,9
경상북도,202124,12
경상남도,202124,10
제주특별자치도,202124,6
서울특별시,202125,10
부산광역시,202125,7
대구광역시,202125,4
인천광역시,202125,5
광주광역시,202125,3
대전광역시,202125,3
울산광역시,202125,2
세종특별자치시,202125,1
경기도,202125,20
강원도,202125,19
충청북도,202125,8
충청남도,202125,11
전라북도,202125,7
전라남도,202125,10
경상북도,202125,13
경상남도,202125,11
제주특별자치도,202125,6
서울특별시,202126,10
부산광역시,202126,7
대구광역시,202126,4
인천광역시,202126,5
광주광역시,202126,3
대전광역시,202126,3
울산광역시,202126,2
세종특별자치시,202126,1
경기도,202126,18
강원도,202126,17
충청북도,202126,7
충청남도,202126,9
전라북도,202126,6
전라남도,202126,8
경상북도,202126,12
경상남도,202126,10
제주특별자치도,202126,6
서울특별시,202127,8
부산광역시,202127,6
대구광역시,202127,4
인천광역시,202127,4
광주광역시,202127,3
대전광역시,202127,3
울산광역시,202127,2
세종특별자치시,202127,1
경기도,202127,16
강원도,202127,17
충청북도,202127,7
충청남도,202127,9
전라북도,202127,6
전라남도,202127,7
경상북도,202127,11
경상남도,202127,9
제주특별자치도,202127,5
서울특별시,202128,6
부산광역시,202128,6
대구광역시,202128,4
인천광역시,202128,4
광주광역시,202128,2
대전광역시,202128,3
울산광역시,202128,2
세종특별자치시,202128,1
경기도,202128,14
강원도,202128,19
충청북도,202128,8
충청남도,202128,9
전라북도,202128,6
전라남도,202128,8
경상북도,202128,12
경상남도,202128,10
제주특별자치도,202128,6
서울특별시,202129,6
부산광역시,202129,5
대구광역시,202129,4
인천광역시,202129,4
광주광역시,202129,2
대전광역시,202129,3
울산광역시,202129,2
세종특별자치시,202129,1
경기도,202129,15
강원도,202129,20
충청북도,202129,8
충청남도,202129,10
전라북도,202129,7
전라남도,202129,9
경상북도,202129,13
경상남도,202129,11
제주특별자치도,202129,6
서울특별시,202130,7
부산광역시,202130,7
대구광역시,202130,4
인천광역시,202130,5
광주광역시,202130,3
대전광역시,202130,3
울산광역시,202130,2
세종특별자치시,202130,1
경기도,202130,18
강원도,202130,26
충청북도,202130,10
충청남도,202130,12
전라북도,202130,10
전라남도,202130,13
경상북도,202130,18
경상남도,202130,15
제주특별자치도,202130,6
서울특별시,202131,7
부산광역시,202131,7
대구광역시,202131,4
인천광역시,202131,6
광주광역시,202131,3
대전광역시,202131,3
울산광역시,202131,3
세종특별자치시,202131,1
경기도,202131,20
강원도,202131,29
충청북도,202131,10
충청남도,202131,14
전라북도,202131,11
전라남도,202131,15
경상북도,202131,19
경상남도,202131,17
제주특별자치도,202131,6
HOME,201841,848
HOME,201842,844
HOME,201843,848
HOME,201844,850
HOME,201845,858
HOME,201846,857
HOME,201847,875
HOME,201848,873
HOME,201849,884
HOME,201850,879
HOME,201851,867
HOME,201852,848
HOME,201901,837
HOME,201902,860
HOME,201903,853
HOME,201904,860
HOME,201905,831
HOME,201906,734
HOME,201907,863
HOME,201908,846
HOME,201909,812
HOME,201910,874
HOME,201911,867
HOME,201912,864
HOME,201913,860
HOME,201914,847
HOME,201915,848
HOME,201916,840
HOME,201917,835
HOME,201918,774
HOME,201919,805
HOME,201920,842
HOME,201921,839
HOME,201922,849
HOME,201923,824
HOME,201924,847
HOME,201925,842
HOME,201926,849
HOME,201927,844
HOME,201928,842
HOME,201929,851
HOME,201930,825
HOME,201931,744
HOME,201932,791
HOME,201933,793
HOME,201934,804
HOME,201935,843
HOME,201936,893
HOME,201937,737
HOME,201938,865
HOME,201939,841
HOME,201940,826
HOME,201941,823
HOME,201942,827
HOME,201943,814
HOME,201944,834
HOME,201945,826
HOME,201946,837
HOME,201947,856
HOME,201948,856
HOME,201949,875
HOME,201950,857
HOME,201951,851
HOME,201952,839
HOME,202001,829
HOME,202002,861
HOME,202003,860
HOME,202004,741
HOME,202005,864
HOME,202006,900
HOME,202007,890
HOME,202008,907
HOME,202009,936
HOME,202010,935
HOME,202011,928
HOME,202012,918
HOME,202013,919
HOME,202014,912
HOME,202015,910
HOME,202016,904
HOME,202017,901
HOME,202018,804
HOME,202019,863
HOME,202020,887
HOME,202021,882
HOME,202022,878
HOME,202023,871
HOME,202024,880
HOME,202025,867
HOME,202026,867
HOME,202027,872
HOME,202028,872
HOME,202029,868
HOME,202030,875
HOME,202031,830
HOME,202032,835
HOME,202033,808
HOME,202034,843
HOME,202035,901
HOME,202036,910
HOME,202037,898
HOME,202038,879
HOME,202039,888
HOME,202040,792
HOME,202041,864
HOME,202042,867
HOME,202043,859
HOME,202044,858
HOME,202045,860
HOME,202046,856
HOME,202047,878
HOME,202048,895
HOME,202049,906
HOME,202050,913
HOME,202051,923
HOME,202052,918
HOME,202053,919
HOME,202101,943
HOME,202102,926
HOME,202103,920
HOME,202104,918
HOME,202105,916
HOME,202106,843
HOME,202107,895
HOME,202108,857
HOME,202109,890
HOME,202110,893
HOME,202111,895
HOME,202112,890
HOME,202113,895
HOME,202114,873
HOME,202115,882
HOME,202116,874
HOME,202117,870
HOME,202118,841
HOME,202119,885
HOME,202120,930
HOME,202121,875
HOME,202122,872
HOME,202123,875
HOME,202124,865
HOME,202125,860
HOME,202126,872
HOME,202127,882
HOME,202128,880
HOME,202129,874
HOME,202130,840
HOME,202131,825
